종목코드,종목명,시장구분,업종명,종가,대비,등락률,시가총액
"095570","AJ네트웍스","KOSPI","서비스업","5550","-50","-0.89","259863737250"
"006840","AK홀딩스","KOSPI","기타금융","27550","-50","-0.18","364970305550"
"027410","BGF","KOSPI","기타금융","5770","-30","-0.52","552285884070"
"282330","BGF리테일","KOSPI","유통업","168500","500","0.30","2912338161000"
"138930","BNK금융지주","KOSPI","기타금융","9130","60","0.66","2975788795980"
"001460","BYC","KOSPI","섬유의복","441000","0","0.00","275455215000"
"001465","BYC우","KOSPI","섬유의복","179500","1000","0.56","38661607500"
"001040","CJ","KOSPI","기타금융","98900","-1100","-1.10","2885605102200"
"079160","CJ CGV","KOSPI","서비스업","32900","400","1.23","1239077200900"
"00104K","CJ4우(전환)","KOSPI","기타금융","82700","-600","-0.72","349532542400"
"000120","CJ대한통운","KOSPI","운수창고업","148000","-1000","-0.67","3376226912000"
"011150","CJ씨푸드","KOSPI","음식료품","3960","-10","-0.25","142285861080"
"011155","CJ씨푸드1우","KOSPI","음식료품","39200","-50","-0.13","7840000000"
"001045","CJ우","KOSPI","기타금융","61500","-200","-0.32","139003714500"
"097950","CJ제일제당","KOSPI","음식료품","393000","-1500","-0.38","5916295098000"
"097955","CJ제일제당 우","KOSPI","음식료품","196000","0","0.00","260176868000"
"000590","CS홀딩스","KOSPI","기타금융","65600","700","1.08","75734019200"
"012030","DB","KOSPI","서비스업","1035","0","0.00","208215020655"
"016610","DB금융투자","KOSPI","증권","7280","40","0.55","309009711920"
"005830","DB손해보험","KOSPI","보험","65300","-700","-1.06","4623240000000"
"000990","DB하이텍","KOSPI","전기전자","57000","-400","-0.70","2530719516000"
"000995","DB하이텍1우","KOSPI","전기전자","105000","0","0.00","11793180000"
"139130","DGB금융지주","KOSPI","기타금융","10750","-100","-0.92","1818317704750"
"001530","DI동일","KOSPI","유통업","294000","-6000","-2.00","738132570000"
"000210","DL","KOSPI","기타금융","68100","-600","-0.87","1427095700400"
"001880","DL건설","KOSPI","건설업","29850","0","0.00","658290527400"
"000215","DL우","KOSPI","기타금융","41500","-350","-0.84","69973772500"
"375500","DL이앤씨","KOSPI","건설업","135000","-1500","-1.10","2613429630000"
"37550K","DL이앤씨우","KOSPI","건설업","77300","200","0.26","163403310500"
"004840","DRB동일","KOSPI","화학","5860","60","1.03","116789800000"
"155660","DSR","KOSPI","철강금속","7300","-100","-1.35","116800000000"
"069730","DSR제강","KOSPI","철강금속","7130","-140","-1.93","102672000000"
"017940","E1","KOSPI","유통업","54200","-600","-1.09","371812000000"
"365550","ESR켄달스퀘어리츠","KOSPI","서비스업","6740","80","1.20","965565660000"
"383220","F&F","KOSPI","섬유의복","861000","3000","0.35","6596478315000"
"007700","F&F홀딩스","KOSPI","섬유의복","40800","-2100","-4.90","1595866173600"
"114090","GKL","KOSPI","서비스업","17000","-150","-0.87","1051546390000"
"078930","GS","KOSPI","기타금융","43800","-250","-0.57","4069693556400"
"006360","GS건설","KOSPI","건설업","41400","-950","-2.24","3543073686000"
"001250","GS글로벌","KOSPI","유통업","2700","-10","-0.37","222841162800"
"007070","GS리테일","KOSPI","유통업","32950","-100","-0.30","3450455529900"
"078935","GS우","KOSPI","기타금융","37250","-50","-0.13","66484768500"
"012630","HDC","KOSPI","기타금융","10850","-100","-0.91","648197672850"
"039570","HDC아이콘트롤스","KOSPI","건설업","12200","200","1.67","200812000000"
"089470","HDC현대EP","KOSPI","화학","6250","40","0.64","199375000000"
"294870","HDC현대산업개발","KOSPI","건설업","26500","-450","-1.67","1746544245000"
"011200","HMM","KOSPI","운수창고업","26900","-2500","-8.50","10905057900300"
"082740","HSD엔진","KOSPI","기계","8690","710","8.90","406007627740"
"003560","IHQ","KOSPI","서비스업","1820","70","4.00","266149061360"
"175330","JB금융지주","KOSPI","기타금융","8970","40","0.45","1766936559180"
"234080","JW생명과학","KOSPI","의약품","16400","100","0.61","259686685600"
"001060","JW중외제약","KOSPI","의약품","23900","-250","-1.04","514804231400"
"001067","JW중외제약2우B","KOSPI","의약품","56500","0","0.00","5256082000"
"001065","JW중외제약우","KOSPI","의약품","32950","-450","-1.35","5848163700"
"096760","JW홀딩스","KOSPI","기타금융","3885","80","2.10","265893992070"
"105560","KB금융","KOSPI","기타금융","58600","-500","-0.85","24366344112000"
"002380","KCC","KOSPI","화학","342500","-9500","-2.70","3043616317500"
"344820","KCC글라스","KOSPI","비금속광물","60600","-2400","-3.81","967813027200"
"009070","KCTC","KOSPI","운수창고업","6670","-30","-0.45","200100000000"
"009440","KC그린홀딩스","KOSPI","기타금융","5210","-120","-2.25","116886245800"
"119650","KC코트렐","KOSPI","기계","7240","-180","-2.43","127424000000"
"092220","KEC","KOSPI","전기전자","3335","-15","-0.45","389217644900"
"016380","KG동부제철","KOSPI","철강금속","11700","0","0.00","1170104094900"
"016385","KG동부제철우","KOSPI","철강금속","101000","-1000","-0.98","5391885000"
"001390","KG케미칼","KOSPI","화학","31900","-550","-1.69","442328462400"
"033180","KH 필룩스","KOSPI","전기전자","3045","-40","-1.30","416343653880"
"001940","KISCO홀딩스","KOSPI","철강금속","18700","-700","-3.61","345508306000"
"025000","KPX케미칼","KOSPI","화학","58600","-400","-0.68","283624000000"
"092230","KPX홀딩스","KOSPI","화학","66200","0","0.00","279671565200"
"000040","KR모터스","KOSPI","운수장비","1010","-30","-2.88","97098741680"
"044450","KSS해운","KOSPI","운수창고업","11200","-150","-1.32","259681856000"
"030200","KT","KOSPI","통신업","31300","-150","-0.48","8172799590400"
"033780","KT&G","KOSPI","기타제조업","82000","-400","-0.49","11257984754000"
"030210","KTB투자증권","KOSPI","증권","6570","-20","-0.30","396263584440"
"058850","KTcs","KOSPI","서비스업","2710","0","0.00","115676350000"
"058860","KTis","KOSPI","서비스업","2590","5","0.19","90137180000"
"093050","LF","KOSPI","섬유의복","19100","0","0.00","558484000000"
"003550","LG","KOSPI","기타금융","94700","200","0.21","14896404037100"
"034220","LG디스플레이","KOSPI","전기전자","18500","-50","-0.27","6619590450000"
"051900","LG생활건강","KOSPI","화학","1221000","-110000","-8.26","19069818537000"
"051905","LG생활건강우","KOSPI","화학","630000","-30000","-4.55","1322809110000"
"003555","LG우","KOSPI","기타금융","68000","100","0.15","205470160000"
"032640","LG유플러스","KOSPI","통신업","14700","50","0.34","6418187006700"
"011070","LG이노텍","KOSPI","전기전자","206000","4500","2.23","4875424042000"
"066570","LG전자","KOSPI","전기전자","122000","-3500","-2.79","19965033308000"
"066575","LG전자우","KOSPI","전기전자","64200","-900","-1.38","1103340686400"
"037560","LG헬로비전","KOSPI","서비스업","7140","-140","-1.92","552970616100"
"051910","LG화학","KOSPI","화학","825000","-5000","-0.60","58238682975000"
"051915","LG화학우","KOSPI","화학","390500","-9500","-2.38","3002476400000"
"079550","LIG넥스원","KOSPI","기계","46550","250","0.54","1024100000000"
"006260","LS","KOSPI","기타금융","65500","-200","-0.30","2109100000000"
"010120","LS ELECTRIC","KOSPI","전기전자","63200","900","1.44","1896000000000"
"000680","LS네트웍스","KOSPI","유통업","3355","-25","-0.74","264384118680"
"229640","LS전선아시아","KOSPI","기타금융","8410","-160","-1.87","257555232390"
"001120","LX인터내셔널","KOSPI","유통업","28400","250","0.89","1100784000000"
"108670","LX하우시스","KOSPI","화학","72000","-1300","-1.77","645672240000"
"108675","LX하우시스우","KOSPI","화학","34400","-400","-1.15","35512152000"
"383800","LX홀딩스","KOSPI","기타금융","9090","-90","-0.98","693391472100"
"38380K","LX홀딩스1우","KOSPI","기타금융","14000","-100","-0.71","20513990000"
"023150","MH에탄올","KOSPI","음식료품","12200","-150","-1.21","90018017200"
"035420","NAVER","KOSPI","서비스업","414500","2000","0.48","68087177227500"
"181710","NHN","KOSPI","서비스업","73800","-500","-0.67","1443898845000"
"005940","NH투자증권","KOSPI","증권","13250","-200","-1.49","3935699002750"
"005945","NH투자증권우","KOSPI","증권","12700","0","0.00","239661293600"
"338100","NH프라임리츠","KOSPI","서비스업","4950","0","0.00","92367000000"
"034310","NICE","KOSPI","서비스업","17350","-300","-1.70","657257905000"
"008260","NI스틸","KOSPI","철강금속","4040","-110","-2.65","115544472680"
"004250","NPC","KOSPI","화학","6520","-140","-2.10","239414400000"
"004255","NPC우","KOSPI","화학","3195","-20","-0.62","16869600000"
"010060","OCI","KOSPI","화학","134500","-3000","-2.18","3207740399500"
"178920","PI첨단소재","KOSPI","화학","47300","-250","-0.53","1389027030600"
"005490","POSCO","KOSPI","철강금속","308000","-7000","-2.22","26853545180000"
"010950","S-Oil","KOSPI","화학","106500","1000","0.95","11990067348000"
"010955","S-Oil우","KOSPI","화학","64000","200","0.31","257403328000"
"034120","SBS","KOSPI","서비스업","55500","-1100","-1.94","1013018301000"
"101060","SBS미디어홀딩스","KOSPI","서비스업","2125","0","0.00","297279403750"
"005090","SGC에너지","KOSPI","전기가스업","47700","-1050","-2.15","700093090800"
"001380","SG글로벌","KOSPI","운수장비","2280","-30","-1.30","102518246040"
"004060","SG세계물산","KOSPI","유통업","711","-3","-0.42","143924146560"
"001770","SHD","KOSPI","철강금속","29900","400","1.36","36324852200"
"002360","SH에너지화학","KOSPI","화학","1095","25","2.34","121691434350"
"009160","SIMPAC","KOSPI","기계","8020","-30","-0.37","524744718320"
"123700","SJM","KOSPI","운수장비","4945","-75","-1.49","77166220610"
"025530","SJM홀딩스","KOSPI","유통업","3855","-60","-1.53","57570600840"
"034730","SK","KOSPI","기타금융","252500","-3500","-1.37","17765974992500"
"011790","SKC","KOSPI","화학","175000","-1000","-0.57","6626952150000"
"018670","SK가스","KOSPI","유통업","139000","-5000","-3.47","1283003916000"
"001740","SK네트웍스","KOSPI","유통업","5210","-70","-1.33","1293057640870"
"001745","SK네트웍스우","KOSPI","유통업","90200","1500","1.69","10251049600"
"006120","SK디스커버리","KOSPI","기타금융","48800","-500","-1.01","929047324000"
"006125","SK디스커버리우","KOSPI","기타금융","39750","-100","-0.25","53998586250"
"210980","SK디앤디","KOSPI","서비스업","31350","-700","-2.18","695661641400"
"068400","SK렌터카","KOSPI","서비스업","12200","50","0.41","576887248000"
"395400","SK리츠","KOSPI","서비스업","6470","-30","-0.46","1002982842040"
"302440","SK바이오사이언스","KOSPI","의약품","229000","2000","0.88","17518500000000"
"326030","SK바이오팜","KOSPI","서비스업","99100","-1400","-1.39","7760843075000"
"361610","SK아이이테크놀로지","KOSPI","전기전자","178000","-2500","-1.39","12690971376000"
"03473K","SK우","KOSPI","기타금융","228000","2000","0.88","129078780000"
"096770","SK이노베이션","KOSPI","화학","251000","-6000","-2.33","23208856564000"
"096775","SK이노베이션우","KOSPI","화학","151000","-2000","-1.31","188512326000"
"001510","SK증권","KOSPI","증권","1005","5","0.50","474953121855"
"001515","SK증권우","KOSPI","증권","4310","-40","-0.92","16862935340"
"285130","SK케미칼","KOSPI","화학","187000","-1500","-0.80","2197511052000"
"28513K","SK케미칼우","KOSPI","화학","113000","-500","-0.44","164829710000"
"017670","SK텔레콤","KOSPI","통신업","309500","0","0.00","22302614258500"
"000660","SK하이닉스","KOSPI","전기전자","101500","-500","-0.49","73892240047500"
"064960","SNT모티브","KOSPI","운수장비","52800","-400","-0.75","772101580800"
"100840","SNT에너지","KOSPI","기계","23300","-100","-0.43","174906366300"
"003570","SNT중공업","KOSPI","운수장비","9400","-160","-1.67","312575351800"
"036530","SNT홀딩스","KOSPI","기타금융","18100","-350","-1.90","295100336600"
"005610","SPC삼립","KOSPI","음식료품","78100","-900","-1.14","673925602900"
"011810","STX","KOSPI","유통업","4340","60","1.40","124217110360"
"077970","STX엔진","KOSPI","기계","12100","1500","14.15","278407738400"
"071970","STX중공업","KOSPI","기계","5530","290","5.53","156863847280"
"002820","SUN&L","KOSPI","종이목재","5680","40","0.71","71613377520"
"084870","TBH글로벌","KOSPI","섬유의복","2850","-5","-0.18","59441934150"
"002710","TCC스틸","KOSPI","철강금속","8540","-110","-1.27","200690000000"
"002900","TYM","KOSPI","기계","2070","-30","-1.43","310178303370"
"024070","WISCOM","KOSPI","화학","3970","-30","-0.75","60845958860"
"037270","YG PLUS","KOSPI","서비스업","8060","110","1.38","511241044600"
"000500","가온전선","KOSPI","전기전자","28450","-350","-1.22","118361872150"
"000860","강남제비스코","KOSPI","화학","25200","-150","-0.59","163800000000"
"035250","강원랜드","KOSPI","서비스업","28450","-450","-1.56","6086607225000"
"011420","갤럭시아에스엠","KOSPI","서비스업","2460","60","2.50","67772124240"
"002100","경농","KOSPI","화학","13500","-200","-1.46","263554762500"
"009450","경동나비엔","KOSPI","전기전자","66300","-200","-0.30","965897649600"
"267290","경동도시가스","KOSPI","전기가스업","24300","-100","-0.41","143258365800"
"012320","경동인베스트","KOSPI","기타금융","37150","-500","-1.33","87860604450"
"000050","경방","KOSPI","유통업","13300","-50","-0.37","364623091000"
"214390","경보제약","KOSPI","의약품","10450","-50","-0.48","249826687000"
"012610","경인양행","KOSPI","화학","7230","-150","-2.03","300380218950"
"009140","경인전자","KOSPI","전기전자","27600","-200","-0.72","43353997200"
"013580","계룡건설","KOSPI","건설업","36250","-400","-1.09","323745378750"
"012200","계양전기","KOSPI","기계","4640","-65","-1.38","151264000000"
"012205","계양전기우","KOSPI","기계","7190","-60","-0.83","10066000000"
"002140","고려산업","KOSPI","음식료품","3460","30","0.87","86290410500"
"010130","고려아연","KOSPI","철강금속","560000","-5000","-0.88","10567200000000"
"002240","고려제강","KOSPI","철강금속","27350","50","0.18","629050000000"
"009290","광동제약","KOSPI","의약품","7870","-50","-0.63","412552097370"
"017040","광명전기","KOSPI","전기전자","3130","-190","-5.72","135646734950"
"017900","광전자","KOSPI","전기전자","3355","130","4.03","194401324865"
"037710","광주신세계","KOSPI","유통업","198000","4000","2.06","316800000000"
"030610","교보증권","KOSPI","증권","8860","-60","-0.67","572828202560"
"339770","교촌에프앤비","KOSPI","유통업","18150","-150","-0.82","453433101000"
"007690","국도화학","KOSPI","화학","68500","-1500","-2.14","617227196000"
"005320","국동","KOSPI","유통업","2615","-70","-2.61","141606269255"
"001140","국보","KOSPI","운수창고업","2260","-230","-9.24","138008122660"
"002720","국제약품","KOSPI","의약품","6190","-90","-1.43","119318997100"
"083420","그린케미칼","KOSPI","화학","11200","-350","-3.03","268800000000"
"014530","극동유화","KOSPI","화학","4465","-75","-1.65","155691960300"
"014280","금강공업","KOSPI","철강금속","7840","-50","-0.63","229942158880"
"014285","금강공업우","KOSPI","철강금속","12850","50","0.39","7579893750"
"008870","금비","KOSPI","비금속광물","70600","800","1.15","70600000000"
"001570","금양","KOSPI","화학","5260","-130","-2.41","255766689960"
"002990","금호건설","KOSPI","건설업","12250","-50","-0.41","448765569000"
"002995","금호건설우","KOSPI","건설업","32150","-100","-0.31","9396351900"
"011780","금호석유","KOSPI","화학","173500","-6000","-3.34","5286144388500"
"011785","금호석유우","KOSPI","화학","112000","-2500","-2.18","338630432000"
"214330","금호에이치티","KOSPI","운수장비","2170","-30","-1.36","298614997660"
"001210","금호전기","KOSPI","전기전자","3760","15","0.40","72140988080"
"073240","금호타이어","KOSPI","화학","5560","-10","-0.18","1597167195720"
"092440","기신정기","KOSPI","기계","4370","-60","-1.35","127604000000"
"000270","기아","KOSPI","운수장비","85000","200","0.24","34455884495000"
"024110","기업은행","KOSPI","은행","11400","-100","-0.87","8485026691800"
"013700","까뮤이앤씨","KOSPI","건설업","2845","-30","-1.04","128458236600"
"004540","깨끗한나라","KOSPI","종이목재","4605","-10","-0.22","171493391265"
"004545","깨끗한나라우","KOSPI","종이목재","23400","0","0.00","8568144000"
"001260","남광토건","KOSPI","건설업","15600","-400","-2.50","153330855600"
"008350","남선알미늄","KOSPI","철강금속","2985","-60","-1.97","328884583650"
"008355","남선알미우","KOSPI","철강금속","25800","-650","-2.46","7943562000"
"004270","남성","KOSPI","유통업","3555","-80","-2.20","128734228800"
"003920","남양유업","KOSPI","음식료품","441500","12000","2.79","317880000000"
"003925","남양유업우","KOSPI","음식료품","201000","9000","4.69","33499062000"
"025860","남해화학","KOSPI","화학","13100","150","1.16","650792843300"
"005720","넥센","KOSPI","화학","5060","10","0.20","270932523620"
"005725","넥센우","KOSPI","화학","3640","15","0.41","13106184000"
"002350","넥센타이어","KOSPI","화학","7750","10","0.13","756926046750"
"002355","넥센타이어1우B","KOSPI","화학","3370","-30","-0.88","21905000000"
"003580","넥스트사이언스","KOSPI","광업","19000","-2250","-10.59","796400903000"
"251270","넷마블","KOSPI","서비스업","129000","500","0.39","11088001758000"
"090350","노루페인트","KOSPI","화학","9990","-110","-1.09","199800000000"
"090355","노루페인트우","KOSPI","화학","20800","-450","-2.12","9633020800"
"000320","노루홀딩스","KOSPI","기타금융","12500","50","0.40","166139387500"
"000325","노루홀딩스우","KOSPI","기타금융","48250","-300","-0.62","8938312500"
"006280","녹십자","KOSPI","의약품","267500","-500","-0.19","3126148915000"
"005250","녹십자홀딩스","KOSPI","서비스업","29500","-250","-0.84","1387332195000"
"005257","녹십자홀딩스2우","KOSPI","서비스업","68500","0","0.00","57950315000"
"004370","농심","KOSPI","음식료품","288500","-1500","-0.52","1754842217000"
"072710","농심홀딩스","KOSPI","기타금융","77800","-300","-0.38","360820062000"
"058730","다스코","KOSPI","기계","5270","-60","-1.13","88939476470"
"023590","다우기술","KOSPI","서비스업","23850","50","0.21","1070068815450"
"145210","다이나믹디자인","KOSPI","기계","490","-18","-3.54","77561730540"
"019680","대교","KOSPI","서비스업","4405","-85","-1.89","373116054250"
"019685","대교우B","KOSPI","서비스업","3375","-55","-1.60","65566091250"
"006370","대구백화점","KOSPI","유통업","11100","-300","-2.63","120119882100"
"008060","대덕","KOSPI","기타금융","7350","10","0.14","249092602500"
"00806K","대덕1우","KOSPI","기타금융","11050","-250","-2.21","13396544850"
"353200","대덕전자","KOSPI","전기전자","17200","150","0.88","849971110000"
"35320K","대덕전자1우","KOSPI","전기전자","13600","-150","-1.09","28499058400"
"000490","대동","KOSPI","기계","10000","0","0.00","237282100000"
"008110","대동전자","KOSPI","전기전자","8060","1110","15.97","84553002820"
"005750","대림B&Co","KOSPI","비금속광물","7010","-180","-2.50","116872402400"
"006570","대림통상","KOSPI","기계","3810","30","0.79","58007250000"
"001680","대상","KOSPI","음식료품","24150","-200","-0.82","836749803750"
"001685","대상우","KOSPI","음식료품","18300","0","0.00","25075080900"
"084690","대상홀딩스","KOSPI","기타금융","10050","0","0.00","363936006900"
"084695","대상홀딩스우","KOSPI","기타금융","11900","-350","-2.86","10870435800"
"128820","대성산업","KOSPI","유통업","5560","-60","-1.07","251509257680"
"117580","대성에너지","KOSPI","전기가스업","10300","-300","-2.83","283250000000"
"016710","대성홀딩스","KOSPI","서비스업","43550","-250","-0.57","700695939450"
"003540","대신증권","KOSPI","증권","21200","100","0.47","1076396080000"
"003547","대신증권2우B","KOSPI","증권","18850","100","0.53","188500000000"
"003545","대신증권우","KOSPI","증권","19250","100","0.52","500500000000"
"009190","대양금속","KOSPI","철강금속","5370","10","0.19","169449179340"
"014160","대영포장","KOSPI","종이목재","2630","60","2.33","285077663870"
"047040","대우건설","KOSPI","건설업","6630","-20","-0.30","2755578089940"
"009320","대우부품","KOSPI","운수장비","3235","25","0.78","154136023125"
"042660","대우조선해양","KOSPI","운수장비","25450","500","2.00","2730547526050"
"003090","대웅","KOSPI","기타금융","33000","-500","-1.49","1918685340000"
"069620","대웅제약","KOSPI","의약품","142000","0","0.00","1645293650000"
"000430","대원강업","KOSPI","운수장비","4285","-55","-1.27","265670000000"
"006340","대원전선","KOSPI","전기전자","1995","-25","-1.24","141678849165"
"006345","대원전선우","KOSPI","전기전자","3445","45","1.32","9030034000"
"003220","대원제약","KOSPI","의약품","16350","-250","-1.51","347025856050"
"024890","대원화성","KOSPI","화학","5720","60","1.06","235945149440"
"002880","대유에이텍","KOSPI","운수장비","1840","-20","-1.08","205825301680"
"000300","대유플러스","KOSPI","전기전자","1470","-25","-1.67","177868197780"
"012800","대창","KOSPI","철강금속","2100","-35","-1.64","191395047900"
"015230","대창단조","KOSPI","운수장비","7560","90","1.20","108003029400"
"001070","대한방직","KOSPI","섬유의복","45900","-200","-0.43","243270000000"
"006650","대한유화","KOSPI","화학","189500","-14500","-7.11","1231750000000"
"001440","대한전선","KOSPI","전기전자","2315","-45","-1.91","1982735015835"
"084010","대한제강","KOSPI","철강금속","19000","-450","-2.31","468287946000"
"001790","대한제당","KOSPI","음식료품","3390","-50","-1.45","304071406200"
"001795","대한제당우","KOSPI","음식료품","3455","-120","-3.36","22397935800"
"001130","대한제분","KOSPI","음식료품","162500","1500","0.93","274625000000"
"003490","대한항공","KOSPI","운수창고업","30800","-550","-1.75","10712881410000"
"003495","대한항공우","KOSPI","운수창고업","40250","-450","-1.11","44709458500"
"005880","대한해운","KOSPI","운수창고업","2855","-35","-1.21","911251648300"
"003830","대한화섬","KOSPI","화학","136500","-1500","-1.09","181272000000"
"016090","대현","KOSPI","섬유의복","3035","-5","-0.16","134396810850"
"069460","대호에이엘","KOSPI","철강금속","3935","105","2.74","192805146760"
"192080","더블유게임즈","KOSPI","서비스업","65900","1200","1.85","1210879681800"
"012510","더존비즈온","KOSPI","서비스업","87000","-10400","-10.68","2643302208000"
"004830","덕성","KOSPI","화학","17150","-50","-0.29","268912000000"
"004835","덕성우","KOSPI","화학","22800","50","0.22","31737600000"
"024900","덕양산업","KOSPI","운수장비","3395","35","1.04","110558107100"
"145720","덴티움","KOSPI","의료정밀","71100","-2600","-3.53","786993813000"
"002150","도화엔지니어링","KOSPI","서비스업","8040","-60","-0.74","271108800000"
"001230","동국제강","KOSPI","철강금속","17850","0","0.00","1703474355450"
"023450","동남합성","KOSPI","화학","64900","0","0.00","234289000000"
"004140","동방","KOSPI","운수창고업","4110","-75","-1.79","164283958260"
"007590","동방아그로","KOSPI","화학","7490","-50","-0.66","101995651730"
"005960","동부건설","KOSPI","건설업","15250","150","0.99","346658867250"
"005965","동부건설우","KOSPI","건설업","38000","-900","-2.31","8577816000"
"026960","동서","KOSPI","유통업","36150","850","2.41","3604155000000"
"002210","동성제약","KOSPI","의약품","9030","-80","-0.88","235691759100"
"102260","동성케미컬","KOSPI","서비스업","5830","-20","-0.34","289691114240"
"000640","동아쏘시오홀딩스","KOSPI","기타금융","108000","-500","-0.46","685530648000"
"170900","동아에스티","KOSPI","의약품","72900","-200","-0.27","615578316300"
"028100","동아지질","KOSPI","건설업","18800","0","0.00","216200000000"
"282690","동아타이어","KOSPI","화학","13000","-50","-0.38","178529195000"
"001520","동양","KOSPI","비금속광물","1575","-25","-1.56","375927399225"
"001527","동양2우B","KOSPI","비금속광물","14650","0","0.00","4520535850"
"001529","동양3우B","KOSPI","비금속광물","35600","-850","-2.33","3194103200"
"084670","동양고속","KOSPI","운수창고업","22000","0","0.00","63702518000"
"082640","동양생명","KOSPI","보험","6950","-170","-2.39","1121442165750"
"001525","동양우","KOSPI","비금속광물","7620","-180","-2.31","4707110220"
"008970","동양철관","KOSPI","철강금속","1470","-20","-1.34","174761376300"
"092780","동양피스톤","KOSPI","운수장비","8360","-270","-3.13","110088325600"
"049770","동원F&B","KOSPI","음식료품","211500","-2500","-1.17","816204726000"
"018500","동원금속","KOSPI","운수장비","1005","5","0.50","46988707665"
"006040","동원산업","KOSPI","농업, 임업 및 어업","231000","-3500","-1.49","849535071000"
"030720","동원수산","KOSPI","농업, 임업 및 어업","9770","70","0.72","45467674850"
"014820","동원시스템즈","KOSPI","화학","54800","-2400","-4.20","1599524922800"
"014825","동원시스템즈우","KOSPI","화학","35500","250","0.71","9420209000"
"163560","동일고무벨트","KOSPI","화학","8420","-130","-1.52","117038000000"
"004890","동일산업","KOSPI","철강금속","142500","1000","0.71","345593137500"
"002690","동일제강","KOSPI","철강금속","3470","-50","-1.42","52050000000"
"000020","동화약품","KOSPI","의약품","16400","0","0.00","458076108000"
"000150","두산","KOSPI","서비스업","108500","-500","-0.46","1792836097500"
"000157","두산2우B","KOSPI","서비스업","129000","-3000","-2.27","115201902000"
"241560","두산밥캣","KOSPI","기계","39800","1600","4.19","3989916806800"
"000155","두산우","KOSPI","서비스업","76200","500","0.66","304530404400"
"034020","두산중공업","KOSPI","기계","25700","-400","-1.53","13330733508800"
"336260","두산퓨얼셀","KOSPI","전기전자","54900","400","0.73","3595605557400"
"33626K","두산퓨얼셀1우","KOSPI","전기전자","16350","100","0.62","218504670000"
"33626L","두산퓨얼셀2우B","KOSPI","전기전자","20650","100","0.49","61667095000"
"016740","두올","KOSPI","운수장비","4765","-75","-1.55","157562730200"
"192650","드림텍","KOSPI","전기전자","10250","-150","-1.44","669768527750"
"024090","디씨엠","KOSPI","철강금속","22300","-100","-0.45","260910000000"
"003160","디아이","KOSPI","의료정밀","7830","20","0.26","246619826550"
"092200","디아이씨","KOSPI","운수장비","5650","-50","-0.88","219720414850"
"377190","디앤디플랫폼리츠","KOSPI","서비스업","5490","30","0.55","353556000000"
"013570","디와이","KOSPI","기타금융","5500","70","1.29","144757981500"
"210540","디와이파워","KOSPI","기계","13100","150","1.16","144646374800"
"007340","디티알오토모티브","KOSPI","전기전자","56600","1200","2.17","565660683000"
"026890","디피씨","KOSPI","전기전자","15800","250","1.61","658515165000"
"115390","락앤락","KOSPI","화학","10750","-150","-1.38","569832108500"
"032350","롯데관광개발","KOSPI","서비스업","21000","-200","-0.94","1454788902000"
"089860","롯데렌탈","KOSPI","서비스업","39450","-550","-1.38","1445213785350"
"330590","롯데리츠","KOSPI","서비스업","5700","-20","-0.35","1384922638800"
"000400","롯데손해보험","KOSPI","보험","1890","-15","-0.79","586535644800"
"023530","롯데쇼핑","KOSPI","유통업","105000","-1500","-1.41","2970319275000"
"004000","롯데정밀화학","KOSPI","화학","84600","-1800","-2.08","2182680000000"
"286940","롯데정보통신","KOSPI","서비스업","37150","1600","4.50","571973696650"
"280360","롯데제과","KOSPI","음식료품","131000","1000","0.77","840589927000"
"004990","롯데지주","KOSPI","기타금융","33650","-350","-1.03","3530195825050"
"00499K","롯데지주우","KOSPI","기타금융","52300","0","0.00","51652682900"
"005300","롯데칠성","KOSPI","음식료품","159500","1500","0.95","1479981998000"
"005305","롯데칠성우","KOSPI","음식료품","73000","-1000","-1.35","56597630000"
"011170","롯데케미칼","KOSPI","화학","232000","-10500","-4.33","7951897208000"
"002270","롯데푸드","KOSPI","음식료품","388000","-1000","-0.26","469113340000"
"071840","롯데하이마트","KOSPI","유통업","28200","-450","-1.57","665737478400"
"027740","마니커","KOSPI","음식료품","434","0","0.00","86137105796"
"204320","만도","KOSPI","운수장비","64300","500","0.78","3019342816000"
"001080","만호제강","KOSPI","철강금속","22050","50","0.23","91507500000"
"088980","맥쿼리인프라","KOSPI","기타금융","13700","200","1.48","5546383993900"
"094800","맵스리얼티1","KOSPI","기타금융","4970","-40","-0.80","461386625070"
"138040","메리츠금융지주","KOSPI","기타금융","33700","-100","-0.30","4516180607800"
"008560","메리츠증권","KOSPI","증권","4855","20","0.41","3309801961045"
"000060","메리츠화재","KOSPI","보험","29500","400","1.37","3558437500000"
"090370","메타랩스","KOSPI","섬유의복","1040","-35","-3.26","68989767600"
"017180","명문제약","KOSPI","의약품","5820","-280","-4.59","197609102280"
"009900","명신산업","KOSPI","운수장비","29400","-650","-2.16","1542621910200"
"012690","모나리자","KOSPI","종이목재","4030","-50","-1.23","147382157650"
"005360","모나미","KOSPI","유통업","4760","-35","-0.73","89951181320"
"204210","모두투어리츠","KOSPI","서비스업","4580","-5","-0.11","35846812700"
"009680","모토닉","KOSPI","운수장비","11150","0","0.00","367950000000"
"009580","무림P&P","KOSPI","종이목재","4570","-60","-1.30","285023240680"
"009200","무림페이퍼","KOSPI","종이목재","2790","-60","-2.11","116089974900"
"033920","무학","KOSPI","음식료품","10400","150","1.46","296400000000"
"008420","문배철강","KOSPI","철강금속","4335","5","0.12","88882694175"
"025560","미래산업","KOSPI","의료정밀","14250","150","1.06","63441099750"
"007120","미래아이앤지","KOSPI","서비스업","545","-3","-0.55","70568860660"
"357250","미래에셋맵스리츠","KOSPI","서비스업","5060","-10","-0.20","101706000000"
"085620","미래에셋생명","KOSPI","보험","4365","-70","-1.58","772675664985"
"006800","미래에셋증권","KOSPI","증권","8860","-120","-1.34","5628903374880"
"00680K","미래에셋증권2우B","KOSPI","증권","4935","-20","-0.40","690900000000"
"006805","미래에셋증권우","KOSPI","증권","5780","-30","-0.52","81357835000"
"002840","미원상사","KOSPI","화학","210500","-2000","-0.94","1046185000000"
"268280","미원에스씨","KOSPI","화학","217000","-4000","-1.81","1106700000000"
"107590","미원홀딩스","KOSPI","기타금융","138500","1000","0.73","321320000000"
"134380","미원화학","KOSPI","화학","80600","0","0.00","177261000800"
"003650","미창석유","KOSPI","화학","78600","100","0.13","136738219200"
"155900","바다로19호","KOSPI","서비스업","3140","10","0.32","47728012560"
"003610","방림","KOSPI","섬유의복","2770","30","1.09","117210029300"
"001340","백광산업","KOSPI","화학","5800","-110","-1.86","260526760600"
"035150","백산","KOSPI","화학","8060","-50","-0.62","195052000000"
"002410","범양건영","KOSPI","건설업","7930","-360","-4.34","196917617260"
"096300","베트남개발1","KOSPI","기타금융","240","0","0.00","33043250640"
"007210","벽산","KOSPI","비금속광물","3685","-65","-1.73","252643600000"
"002760","보락","KOSPI","화학","2150","-5","-0.23","128785000000"
"003850","보령제약","KOSPI","의약품","14700","-150","-1.01","1009743000000"
"000890","보해양조","KOSPI","음식료품","1000","-25","-2.44","137523079000"
"003000","부광약품","KOSPI","의약품","13500","-250","-1.82","959351161500"
"001270","부국증권","KOSPI","증권","24900","-150","-0.60","258210161400"
"001275","부국증권우","KOSPI","증권","23100","0","0.00","69300000000"
"026940","부국철강","KOSPI","철강금속","4720","-120","-2.48","94400000000"
"015350","부산가스","KOSPI","전기가스업","84300","0","0.00","927300000000"
"011390","부산산업","KOSPI","비금속광물","124500","-1500","-1.19","131472000000"
"005030","부산주공","KOSPI","운수장비","644","0","0.00","36611088948"
"002070","비비안","KOSPI","섬유의복","3175","-30","-0.94","94595918250"
"100220","비상교육","KOSPI","서비스업","8440","-100","-1.17","109692494040"
"030790","비케이탑스","KOSPI","서비스업","3765","-145","-3.71","56840430900"
"005180","빙그레","KOSPI","음식료품","56100","-200","-0.36","552654620100"
"003960","사조대림","KOSPI","음식료품","28000","-250","-0.88","256605076000"
"008040","사조동아원","KOSPI","음식료품","1295","-20","-1.52","182782257000"
"007160","사조산업","KOSPI","농업, 임업 및 어업","47950","-400","-0.83","239750000000"
"014710","사조씨푸드","KOSPI","음식료품","5300","-40","-0.75","91258277900"
"006090","사조오양","KOSPI","음식료품","9890","-110","-1.10","93190888710"
"001470","삼부토건","KOSPI","건설업","2155","-55","-2.49","296433759695"
"006400","삼성SDI","KOSPI","전기전자","750000","4000","0.54","51573397500000"
"006405","삼성SDI우","KOSPI","전기전자","382000","0","0.00","618036272000"
"006660","삼성공조","KOSPI","운수장비","16300","-300","-1.81","132458918200"
"028260","삼성물산","KOSPI","유통업","120500","-1000","-0.82","22519893260500"
"02826K","삼성물산우B","KOSPI","유통업","113500","1000","0.89","184712737500"
"207940","삼성바이오로직스","KOSPI","의약품","898000","19000","2.16","59416170000000"
"032830","삼성생명","KOSPI","보험","69800","-900","-1.27","13960000000000"
"018260","삼성에스디에스","KOSPI","서비스업","160000","3000","1.91","12380448000000"
"028050","삼성엔지니어링","KOSPI","서비스업","26250","-50","-0.19","5145000000000"
"009150","삼성전기","KOSPI","전기전자","159000","-2000","-1.24","11876297664000"
"009155","삼성전기우","KOSPI","전기전자","90300","-100","-0.11","262500655200"
"005930","삼성전자","KOSPI","전기전자","70100","-1000","-1.41","418481756755000"
"005935","삼성전자우","KOSPI","전기전자","64600","-400","-0.62","53158480820000"
"001360","삼성제약","KOSPI","의약품","6030","-40","-0.66","404987336370"
"010140","삼성중공업","KOSPI","운수장비","6450","500","8.40","4063500000000"
"010145","삼성중공우","KOSPI","운수장비","266000","9000","3.50","30548770000"
"016360","삼성증권","KOSPI","증권","48800","-150","-0.31","4357840000000"
"068290","삼성출판사","KOSPI","서비스업","35150","-350","-0.99","351500000000"
"029780","삼성카드","KOSPI","기타금융","35150","-200","-0.57","4072440018650"
"000810","삼성화재","KOSPI","보험","251500","4000","1.62","11914771505500"
"000815","삼성화재우","KOSPI","보험","185500","500","0.27","592116000000"
"006110","삼아알미늄","KOSPI","철강금속","26950","-800","-2.88","296450000000"
"145990","삼양사","KOSPI","음식료품","69400","-1200","-1.70","715753360600"
"145995","삼양사우","KOSPI","음식료품","43900","-100","-0.23","16246073000"
"003230","삼양식품","KOSPI","음식료품","83800","-1100","-1.30","631266657000"
"002170","삼양통상","KOSPI","기타제조업","64300","100","0.16","192900000000"
"272550","삼양패키징","KOSPI","화학","27200","-300","-1.09","386506668800"
"000070","삼양홀딩스","KOSPI","기타금융","108000","500","0.47","924941268000"
"000075","삼양홀딩스우","KOSPI","기타금융","70500","-200","-0.28","21436089000"
"002810","삼영무역","KOSPI","유통업","15650","-100","-0.63","289007736200"
"005680","삼영전자","KOSPI","전기전자","12300","-50","-0.40","246000000000"
"003720","삼영화학","KOSPI","화학","2995","-40","-1.32","101830000000"
"023000","삼원강재","KOSPI","운수장비","3305","-50","-1.49","132200000000"
"004380","삼익THK","KOSPI","기계","12150","150","1.25","255150000000"
"002450","삼익악기","KOSPI","기타제조업","1835","0","0.00","166124229025"
"004440","삼일씨엔에스","KOSPI","비금속광물","10600","-100","-0.93","134958638200"
"000520","삼일제약","KOSPI","의약품","8250","-50","-0.60","111682584750"
"009770","삼정펄프","KOSPI","종이목재","30200","50","0.17","75499124200"
"005500","삼진제약","KOSPI","의약품","25850","-250","-0.96","359315000000"
"004690","삼천리","KOSPI","전기가스업","95600","-500","-0.52","387660390000"
"010960","삼호개발","KOSPI","건설업","5210","-50","-0.95","130250000000"
"004450","삼화왕관","KOSPI","기계","43550","-200","-0.46","93823205450"
"009470","삼화전기","KOSPI","전기전자","29450","-550","-1.83","194776999000"
"011230","삼화전자","KOSPI","전기전자","3790","-10","-0.26","39635592600"
"001820","삼화콘덴서","KOSPI","전기전자","56700","-200","-0.35","589396500000"
"000390","삼화페인트","KOSPI","화학","9540","-80","-0.83","259521094260"
"001290","상상인증권","KOSPI","증권","1260","20","1.61","122307108840"
"041650","상신브레이크","KOSPI","운수장비","4490","-65","-1.43","96406810500"
"075180","새론오토모티브","KOSPI","운수장비","5720","30","0.53","109824000000"
"007540","샘표","KOSPI","기타금융","44750","-450","-1.00","128692050000"
"248170","샘표식품","KOSPI","음식료품","47200","-100","-0.21","215623099200"
"007860","서연","KOSPI","기타금융","14300","-150","-1.04","335761769200"
"200880","서연이화","KOSPI","운수장비","7530","-130","-1.70","203524130610"
"017390","서울가스","KOSPI","전기가스업","166500","-1000","-0.60","832500000000"
"004410","서울식품","KOSPI","음식료품","334","-4","-1.18","123551255626"
"004415","서울식품우","KOSPI","음식료품","4610","-5","-0.11","10254945000"
"021050","서원","KOSPI","철강금속","2195","-35","-1.57","104206725050"
"008490","서흥","KOSPI","화학","48000","150","0.31","555317424000"
"007610","선도전기","KOSPI","전기전자","4525","-180","-3.83","81450000000"
"136490","선진","KOSPI","음식료품","13450","-300","-2.18","319835673800"
"014910","성문전자","KOSPI","전기전자","2690","30","1.13","52419645330"
"014915","성문전자우","KOSPI","전기전자","9410","0","0.00","5646000000"
"003080","성보화학","KOSPI","화학","4350","20","0.46","87087000000"
"004980","성신양회","KOSPI","비금속광물","10450","-150","-1.42","256192962850"
"004985","성신양회우","KOSPI","비금속광물","14700","-250","-1.67","10813981500"
"011300","성안","KOSPI","섬유의복","787","0","0.00","44747135820"
"000180","성창기업지주","KOSPI","서비스업","2665","10","0.38","185888014000"
"002420","세기상사","KOSPI","서비스업","6160","0","0.00","25107667200"
"004360","세방","KOSPI","운수창고업","12550","-300","-2.33","242324059500"
"004365","세방우","KOSPI","운수창고업","7190","-70","-0.96","26525707500"
"004490","세방전지","KOSPI","전기전자","84300","-300","-0.35","1180200000000"
"001430","세아베스틸","KOSPI","철강금속","22700","-250","-1.09","814070101300"
"306200","세아제강","KOSPI","철강금속","105500","-1000","-0.94","299229650000"
"003030","세아제강지주","KOSPI","기타금융","128500","-2500","-1.91","532202924500"
"019440","세아특수강","KOSPI","철강금속","16150","0","0.00","138405500000"
"058650","세아홀딩스","KOSPI","철강금속","117000","0","0.00","468000000000"
"013000","세우글로벌","KOSPI","유통업","3200","25","0.79","91856099200"
"091090","세원이앤씨","KOSPI","기계","1080","168","18.42","157150898280"
"021820","세원정공","KOSPI","운수장비","8090","0","0.00","80900000000"
"067830","세이브존I&C","KOSPI","유통업","3255","-5","-0.15","133588113225"
"033530","세종공업","KOSPI","운수장비","11350","-300","-2.58","315767907350"
"075580","세진중공업","KOSPI","운수장비","6620","400","6.43","376343398720"
"027970","세하","KOSPI","종이목재","1890","-10","-0.53","108794064330"
"308170","센트랄모텍","KOSPI","운수장비","28100","-750","-2.60","241941000000"
"012600","센트럴인사이트","KOSPI","기계","2490","0","0.00","33838831080"
"068270","셀트리온","KOSPI","의약품","219000","-3500","-1.57","30207702804000"
"336370","솔루스첨단소재","KOSPI","전기전자","81800","-1300","-1.56","2502242204400"
"33637K","솔루스첨단소재1우","KOSPI","전기전자","21700","-100","-0.46","159850880000"
"33637L","솔루스첨단소재2우B","KOSPI","전기전자","30500","-500","-1.61","50204525000"
"248070","솔루엠","KOSPI","전기전자","26650","-850","-3.09","1332647934150"
"004430","송원산업","KOSPI","화학","17850","-350","-1.92","428400000000"
"017550","수산중공업","KOSPI","기계","2750","-65","-2.31","148459198250"
"053210","스카이라이프","KOSPI","서비스업","10250","-100","-0.97","490175151500"
"134790","시디즈","KOSPI","기타제조업","67300","-300","-0.44","134600000000"
"016590","신대양제지","KOSPI","종이목재","87500","-600","-0.68","352605925000"
"029530","신도리코","KOSPI","전기전자","33150","0","0.00","334152961350"
"004970","신라교역","KOSPI","농업, 임업 및 어업","13000","-50","-0.38","208000000000"
"011930","신성이엔지","KOSPI","전기전자","2385","-30","-1.24","486594280215"
"005390","신성통상","KOSPI","유통업","3760","35","0.94","540343546400"
"004170","신세계","KOSPI","유통업","254000","-6000","-2.31","2500675974000"
"035510","신세계 I&C","KOSPI","서비스업","215000","-4500","-2.05","369800000000"
"034300","신세계건설","KOSPI","건설업","38800","-250","-0.64","155200000000"
"031430","신세계인터내셔날","KOSPI","유통업","169500","-3000","-1.74","1210230000000"
"031440","신세계푸드","KOSPI","서비스업","92900","100","0.11","359753392000"
"006880","신송홀딩스","KOSPI","유통업","5400","-30","-0.55","63875833200"
"005800","신영와코루","KOSPI","섬유의복","117000","-1500","-1.27","105300000000"
"001720","신영증권","KOSPI","증권","63400","-300","-0.47","595087425800"
"001725","신영증권우","KOSPI","증권","63900","-500","-0.78","450735455700"
"009270","신원","KOSPI","섬유의복","3380","-125","-3.57","323022587940"
"009275","신원우","KOSPI","섬유의복","48250","-150","-0.31","4378205000"
"002700","신일전자","KOSPI","유통업","1945","-35","-1.77","138187428345"
"019170","신풍제약","KOSPI","의약품","58500","-800","-1.35","3099621915000"
"019175","신풍제약우","KOSPI","의약품","76100","-1400","-1.81","167420000000"
"002870","신풍제지","KOSPI","종이목재","2810","-15","-0.53","98233947000"
"293940","신한알파리츠","KOSPI","서비스업","8060","10","0.12","421780791380"
"055550","신한지주","KOSPI","기타금융","39550","-1150","-2.83","20431512360700"
"004080","신흥","KOSPI","유통업","16150","150","0.94","153425000000"
"102280","쌍방울","KOSPI","섬유의복","748","-40","-5.08","196418912492"
"003410","쌍용C&E","KOSPI","비금속광물","7680","20","0.26","3869641689600"
"003620","쌍용차","KOSPI","운수장비","2770","0","0.00","415056805540"
"004770","써니전자","KOSPI","전기전자","3865","-25","-0.64","134675967515"
"015540","쎌마테라퓨틱스","KOSPI","서비스업","6410","0","0.00","86229499400"
"004920","씨아이테크","KOSPI","기타제조업","988","2","0.20","39472298372"
"112610","씨에스윈드","KOSPI","기계","70100","-300","-0.43","2956215350300"
"008700","아남전자","KOSPI","전기전자","2360","-30","-1.26","182014575200"
"002790","아모레G","KOSPI","화학","51600","-1200","-2.27","4254842088000"
"00279K","아모레G3우(전환)","KOSPI","화학","38200","-900","-2.30","270922040000"
"002795","아모레G우","KOSPI","화학","18450","-600","-3.15","118887556500"
"090430","아모레퍼시픽","KOSPI","화학","183500","-6500","-3.42","10733421276500"
"090435","아모레퍼시픽우","KOSPI","화학","73200","-1700","-2.27","772833156000"
"002030","아세아","KOSPI","서비스업","121500","-3500","-2.80","266209416000"
"183190","아세아시멘트","KOSPI","비금속광물","121500","-2500","-2.02","473340793500"
"002310","아세아제지","KOSPI","종이목재","46100","450","0.99","412894742200"
"012170","아센디오","KOSPI","서비스업","2175","35","1.64","138132501300"
"267850","아시아나IDT","KOSPI","서비스업","20900","-400","-1.88","231990000000"
"020560","아시아나항공","KOSPI","운수창고업","23500","-500","-2.08","1748676454000"
"122900","아이마켓코리아","KOSPI","유통업","11100","-50","-0.45","371060124000"
"010780","아이에스동서","KOSPI","비금속광물","46300","-200","-0.43","1430327657800"
"139990","아주스틸","KOSPI","철강금속","19200","-550","-2.78","507882028800"
"001780","알루코","KOSPI","철강금속","4015","-100","-2.43","360511796480"
"018250","애경산업","KOSPI","화학","22500","-250","-1.10","594223537500"
"161000","애경유화","KOSPI","화학","13950","-650","-4.45","446958000000"
"011090","에넥스","KOSPI","기타제조업","2435","-90","-3.56","146079645835"
"137310","에스디바이오센서","KOSPI","의료정밀","45650","50","0.11","4714337264450"
"005850","에스엘","KOSPI","운수장비","34650","-250","-0.72","1670243548050"
"012750","에스원","KOSPI","서비스업","86600","2100","2.49","3290728814800"
"023960","에쓰씨엔지니어링","KOSPI","건설업","4080","0","0.00","117628794960"
"298690","에어부산","KOSPI","운수창고업","2760","-65","-2.30","535219200000"
"140910","에이리츠","KOSPI","서비스업","11500","150","1.32","48499985000"
"078520","에이블씨엔씨","KOSPI","화학","8230","-150","-1.79","222485367570"
"015260","에이엔피","KOSPI","전기전자","2130","-5","-0.23","47576551170"
"007460","에이프로젠 MED","KOSPI","기계","1820","-10","-0.55","362462518600"
"003060","에이프로젠제약","KOSPI","의약품","1020","-5","-0.49","406547282340"
"244920","에이플러스에셋","KOSPI","기타금융","10600","-350","-3.20","239641545800"
"036570","엔씨소프트","KOSPI","서비스업","639000","12000","1.91","14028620058000"
"138250","엔에스쇼핑","KOSPI","유통업","14250","-50","-0.35","480168000000"
"380440","엔에이치스팩19호","KOSPI","기타금융","2110","15","0.72","108221900000"
"085310","엔케이","KOSPI","기계","1145","20","1.78","91580938040"
"009810","엔케이물산","KOSPI","유통업","1925","-35","-1.79","155187852050"
"900140","엘브이엠씨홀딩스","KOSPI","유통업","3370","-35","-1.03","335164350890"
"097520","엠씨넥스","KOSPI","전기전자","44400","200","0.45","797569720800"
"014440","영보화학","KOSPI","화학","4340","-10","-0.23","86800000000"
"111770","영원무역","KOSPI","유통업","46100","100","0.22","2042758674800"
"009970","영원무역홀딩스","KOSPI","기타금융","47900","-150","-0.31","653144856800"
"003520","영진약품","KOSPI","의약품","4810","-85","-1.74","879714036110"
"000670","영풍","KOSPI","철강금속","721000","-12000","-1.64","1328110840000"
"006740","영풍제지","KOSPI","종이목재","7140","-90","-1.24","158508000000"
"012280","영화금속","KOSPI","운수장비","2075","60","2.98","110793597875"
"012160","영흥","KOSPI","철강금속","1095","-5","-0.45","110934857340"
"015360","예스코홀딩스","KOSPI","기타금융","38600","-200","-0.52","231600000000"
"007310","오뚜기","KOSPI","음식료품","488500","-500","-0.10","1793762718500"
"002630","오리엔트바이오","KOSPI","의약품","1340","-35","-2.55","158901226700"
"271560","오리온","KOSPI","음식료품","120500","-3000","-2.43","4764103906000"
"001800","오리온홀딩스","KOSPI","기타금융","16450","-200","-1.20","1030517191900"
"011690","와이투솔루션","KOSPI","전기전자","2440","0","0.00","359254954280"
"070960","용평리조트","KOSPI","서비스업","6460","40","0.62","310941331180"
"316140","우리금융지주","KOSPI","기타금융","13400","100","0.75","9756011356600"
"118000","우리들휴브레인","KOSPI","유통업","1545","-30","-1.90","125644673085"
"010050","우리종금","KOSPI","기타금융","1000","-5","-0.50","874203406000"
"006980","우성","KOSPI","음식료품","30450","-100","-0.33","94090500000"
"017370","우신시스템","KOSPI","기계","6670","-90","-1.33","122154740180"
"105840","우진","KOSPI","의료정밀","10000","130","1.32","203236140000"
"010400","우진아이엔에스","KOSPI","건설업","7950","-30","-0.38","60594900000"
"049800","우진플라임","KOSPI","기계","4480","-95","-2.08","89600000000"
"016880","웅진","KOSPI","기타금융","2285","-15","-0.65","182633377800"
"095720","웅진씽크빅","KOSPI","서비스업","3385","-75","-2.17","390987759225"
"005820","원림","KOSPI","섬유의복","21450","450","2.14","49291456500"
"010600","웰바이오텍","KOSPI","유통업","1900","115","6.44","111486763600"
"008600","윌비스","KOSPI","유통업","1945","-60","-2.99","127926368840"
"033270","유나이티드제약","KOSPI","의약품","47100","-450","-0.95","765131116200"
"014830","유니드","KOSPI","화학","119000","-5500","-4.42","1057891317000"
"000910","유니온","KOSPI","비금속광물","6800","30","0.44","106159009200"
"047400","유니온머티리얼","KOSPI","비금속광물","3590","155","4.51","150780000000"
"011330","유니켐","KOSPI","기타제조업","1450","-15","-1.02","105238695950"
"077500","유니퀘스트","KOSPI","유통업","10600","250","2.42","289756035000"
"002920","유성기업","KOSPI","운수장비","3460","-10","-0.29","89778350000"
"000700","유수홀딩스","KOSPI","서비스업","5990","10","0.17","155990453880"
"003470","유안타증권","KOSPI","증권","4545","-70","-1.52","907166437920"
"003475","유안타증권우","KOSPI","증권","4510","-50","-1.10","58234076120"
"072130","유엔젤","KOSPI","서비스업","5540","160","2.97","73102815160"
"000220","유유제약","KOSPI","의약품","7640","-40","-0.52","131655161640"
"000225","유유제약1우","KOSPI","의약품","10050","50","0.50","22782646500"
"000227","유유제약2우B","KOSPI","의약품","22800","100","0.44","7422768000"
"001200","유진투자증권","KOSPI","증권","3890","-50","-1.27","376810366020"
"000100","유한양행","KOSPI","의약품","61600","-400","-0.65","4310334274400"
"000105","유한양행우","KOSPI","의약품","59500","500","0.85","70265930000"
"003460","유화증권","KOSPI","증권","2800","-5","-0.18","158766762000"
"003465","유화증권우","KOSPI","증권","2800","25","0.90","48933990000"
"008730","율촌화학","KOSPI","화학","22700","50","0.22","562960000000"
"008250","이건산업","KOSPI","종이목재","14350","50","0.35","157170312250"
"025820","이구산업","KOSPI","철강금속","3960","-110","-2.70","132430320000"
"214320","이노션","KOSPI","서비스업","60800","700","1.16","1216000000000"
"088260","이리츠코크렙","KOSPI","서비스업","6150","-50","-0.81","389550778500"
"139480","이마트","KOSPI","유통업","168000","-3500","-2.04","4683137592000"
"007660","이수페타시스","KOSPI","전기전자","3905","35","0.90","161153094190"
"005950","이수화학","KOSPI","화학","15700","-250","-1.57","438964840800"
"015020","이스타코","KOSPI","서비스업","3440","-115","-3.23","147409504000"
"093230","이아이디","KOSPI","유통업","399","1","0.25","333397698795"
"074610","이엔플러스","KOSPI","기계","3445","-15","-0.43","176911584525"
"102460","이연제약","KOSPI","의약품","56700","2700","5.00","1020519315900"
"084680","이월드","KOSPI","기타제조업","2470","-45","-1.79","350261296710"
"350520","이지스레지던스리츠","KOSPI","서비스업","5430","10","0.18","111858000000"
"334890","이지스밸류리츠","KOSPI","서비스업","5900","50","0.85","141600000000"
"000760","이화산업","KOSPI","유통업","16950","350","2.11","47460000000"
"014990","인디에프","KOSPI","섬유의복","1660","-45","-2.64","97828771700"
"101140","인바이오젠","KOSPI","유통업","3575","95","2.73","184331994275"
"006490","인스코비","KOSPI","통신업","3410","-95","-2.71","374582021000"
"023800","인지컨트롤스","KOSPI","운수장비","17700","-250","-1.39","268334265600"
"034590","인천도시가스","KOSPI","전기가스업","29100","0","0.00","127305341400"
"129260","인터지스","KOSPI","운수창고업","3750","-75","-1.96","111554527500"
"023810","인팩","KOSPI","운수장비","16350","-500","-2.97","163500000000"
"249420","일동제약","KOSPI","의약품","14500","0","0.00","345147632500"
"000230","일동홀딩스","KOSPI","의약품","13900","50","0.36","160411560000"
"013360","일성건설","KOSPI","건설업","6620","-270","-3.92","357644705600"
"003120","일성신약","KOSPI","의약품","78300","-200","-0.25","208278000000"
"003200","일신방직","KOSPI","섬유의복","115500","-1500","-1.28","277200000000"
"007110","일신석재","KOSPI","유통업","2740","-50","-1.79","212231111400"
"007570","일양약품","KOSPI","의약품","31100","-200","-0.64","593564150400"
"007575","일양약품우","KOSPI","의약품","29850","-250","-0.83","13285638000"
"008500","일정실업","KOSPI","섬유의복","23350","2050","9.62","28020000000"
"081000","일진다이아","KOSPI","화학","38950","-400","-1.02","553205876250"
"020760","일진디스플","KOSPI","전기전자","3730","-5","-0.13","128566706780"
"020150","일진머티리얼즈","KOSPI","전기전자","104500","-500","-0.48","4818582257500"
"103590","일진전기","KOSPI","전기전자","5950","-20","-0.34","220628320500"
"271940","일진하이솔루스","KOSPI","운수장비","73200","-800","-1.08","2658125508000"
"015860","일진홀딩스","KOSPI","기타금융","6840","-180","-2.56","337536783720"
"226320","잇츠한불","KOSPI","화학","22600","-350","-1.53","495602519000"
"317400","자이에스앤디","KOSPI","서비스업","9450","230","2.49","366494814000"
"033240","자화전자","KOSPI","전기전자","19400","-200","-1.02","347260000000"
"000950","전방","KOSPI","섬유의복","41150","700","1.73","69132000000"
"348950","제이알글로벌리츠","KOSPI","서비스업","5470","30","0.55","905832000000"
"194370","제이에스코퍼레이션","KOSPI","기타제조업","25950","0","0.00","346058845950"
"025620","제이준코스메틱","KOSPI","화학","1205","-30","-2.43","89679237820"
"036420","제이콘텐트리","KOSPI","서비스업","68400","3200","4.91","1206633866400"
"030000","제일기획","KOSPI","서비스업","24600","-50","-0.20","2830014135000"
"271980","제일약품","KOSPI","의약품","34900","-1000","-2.79","513200032800"
"001560","제일연마","KOSPI","비금속광물","8800","70","0.80","88000000000"
"002620","제일파마홀딩스","KOSPI","서비스업","17650","-350","-1.94","281929715750"
"006220","제주은행","KOSPI","은행","6580","-200","-2.95","211407332920"
"089590","제주항공","KOSPI","운수창고업","22250","-750","-3.26","856616433750"
"004910","조광페인트","KOSPI","화학","8280","70","0.85","105984000000"
"004700","조광피혁","KOSPI","기타제조업","58500","800","1.39","388974573000"
"001550","조비","KOSPI","화학","26000","-450","-1.70","134998214000"
"000480","조선내화","KOSPI","비금속광물","88100","-100","-0.11","352400000000"
"120030","조선선재","KOSPI","기계","111000","4000","3.74","139599261000"
"018470","조일알미늄","KOSPI","철강금속","2355","-110","-4.46","241697702955"
"002600","조흥","KOSPI","음식료품","208000","-500","-0.24","124800000000"
"185750","종근당","KOSPI","의약품","119000","-1000","-0.83","1359705781000"
"063160","종근당바이오","KOSPI","의약품","42750","-650","-1.50","234524875500"
"001630","종근당홀딩스","KOSPI","의약품","82800","-200","-0.24","414816490800"
"044380","주연테크","KOSPI","전기전자","1190","-25","-2.06","64988385910"
"013890","지누스","KOSPI","기타제조업","75900","900","1.20","1199254155000"
"013870","지엠비코리아","KOSPI","운수장비","6790","-130","-1.88","129500781200"
"071320","지역난방공사","KOSPI","전기가스업","42150","-200","-0.47","488044059600"
"010580","지코","KOSPI","운수장비","1530","0","0.00","100210979160"
"035000","지투알","KOSPI","서비스업","6460","-40","-0.62","107025462140"
"088790","진도","KOSPI","유통업","3390","25","0.74","42197852160"
"003780","진양산업","KOSPI","화학","7000","130","1.89","91000000000"
"010640","진양폴리","KOSPI","화학","4015","-140","-3.37","40150000000"
"100250","진양홀딩스","KOSPI","화학","3215","0","0.00","179703363780"
"051630","진양화학","KOSPI","화학","4425","0","0.00","53100000000"
"272450","진에어","KOSPI","운수창고업","21850","-1000","-4.38","983250000000"
"011000","진원생명과학","KOSPI","의약품","26450","-550","-2.04","1195844386600"
"002780","진흥기업","KOSPI","건설업","2160","-50","-2.26","314218969200"
"002787","진흥기업2우B","KOSPI","건설업","14700","-50","-0.34","4333677600"
"002785","진흥기업우B","KOSPI","건설업","5990","-30","-0.50","5134735820"
"009310","참엔지니어링","KOSPI","기계","1255","0","0.00","69688347820"
"000650","천일고속","KOSPI","운수창고업","69000","-200","-0.29","98616180000"
"033250","체시스","KOSPI","운수장비","1380","0","0.00","44160000000"
"035720","카카오","KOSPI","서비스업","128500","1000","0.78","57228929620000"
"323410","카카오뱅크","KOSPI","은행","62000","100","0.16","29456214694000"
"006380","카프로","KOSPI","화학","4135","-100","-2.36","165400000000"
"109070","컨버즈","KOSPI","종이목재","4100","0","0.00","66185504600"
"001620","케이비아이동국실업","KOSPI","운수장비","1050","-35","-3.23","91578875850"
"029460","케이씨","KOSPI","의료정밀","23050","-50","-0.22","312420714200"
"281820","케이씨텍","KOSPI","의료정밀","22450","0","0.00","468341932200"
"381970","케이카","KOSPI","유통업","24900","100","0.40","1197354671700"
"145270","케이탑리츠","KOSPI","서비스업","1510","-10","-0.66","69798431770"
"357120","코람코에너지리츠","KOSPI","서비스업","6650","50","0.76","462973000000"
"007815","코리아써우","KOSPI","전기전자","6810","-70","-1.02","20189538900"
"007810","코리아써키트","KOSPI","전기전자","15700","250","1.62","370845790700"
"00781K","코리아써키트2우B","KOSPI","전기전자","8720","-50","-0.57","6833855280"
"003690","코리안리","KOSPI","보험","9990","20","0.20","1202487468840"
"192820","코스맥스","KOSPI","화학","131000","0","0.00","1486785679000"
"044820","코스맥스비티아이","KOSPI","기타금융","17700","-400","-2.21","169989401700"
"005070","코스모신소재","KOSPI","화학","44700","-850","-1.87","1344883938300"
"005420","코스모화학","KOSPI","화학","16300","-400","-2.40","453054473900"
"071950","코아스","KOSPI","기타제조업","1255","-35","-2.71","38788548550"
"002020","코오롱","KOSPI","기타금융","36050","-850","-2.30","455182657300"
"003070","코오롱글로벌","KOSPI","건설업","26550","-350","-1.30","669337128900"
"003075","코오롱글로벌우","KOSPI","건설업","33350","100","0.30","10431980050"
"144620","코오롱머티리얼","KOSPI","화학","3075","0","0.00","211125302625"
"002025","코오롱우","KOSPI","기타금융","21050","-250","-1.17","22658009500"
"120110","코오롱인더","KOSPI","화학","89800","-1800","-1.97","2422699832000"
"120115","코오롱인더우","KOSPI","화학","41700","-650","-1.53","115419762000"
"138490","코오롱플라스틱","KOSPI","화학","17300","350","2.06","657400000000"
"021240","코웨이","KOSPI","서비스업","81200","-1300","-1.58","5992529062800"
"031820","콤텍시스템","KOSPI","서비스업","950","-13","-1.35","114998892700"
"192400","쿠쿠홀딩스","KOSPI","기타금융","23200","-350","-1.49","825042692000"
"284740","쿠쿠홈시스","KOSPI","서비스업","45300","0","0.00","1016411049000"
"015590","큐로","KOSPI","기계","514","-4","-0.77","118842781932"
"264900","크라운제과","KOSPI","음식료품","10550","0","0.00","132126617500"
"26490K","크라운제과우","KOSPI","음식료품","14800","50","0.34","11448688000"
"005740","크라운해태홀딩스","KOSPI","기타금융","9020","-40","-0.44","133923069940"
"005745","크라운해태홀딩스우","KOSPI","기타금융","13750","-150","-1.08","8259982500"
"259960","크래프톤","KOSPI","서비스업","489500","-8500","-1.71","23964228777500"
"020120","키다리스튜디오","KOSPI","서비스업","17950","900","5.28","597678134400"
"039490","키움증권","KOSPI","증권","109500","0","0.00","2871036673500"
"014580","태경비케이","KOSPI","비금속광물","5630","-70","-1.23","155292853000"
"015890","태경산업","KOSPI","화학","6440","-20","-0.31","188233150000"
"006890","태경케미컬","KOSPI","화학","13700","-500","-3.52","158920000000"
"003240","태광산업","KOSPI","화학","1029000","-30000","-2.83","1145688600000"
"011280","태림포장","KOSPI","종이목재","4325","10","0.23","306235690500"
"004100","태양금속","KOSPI","운수장비","1790","-50","-2.72","65693000000"
"004105","태양금속우","KOSPI","운수장비","3080","-50","-1.60","10164000000"
"009410","태영건설","KOSPI","건설업","11300","50","0.44","439559807400"
"009415","태영건설우","KOSPI","건설업","13150","0","0.00","17123167300"
"001420","태원물산","KOSPI","운수장비","5400","-270","-4.76","41040000000"
"007980","태평양물산","KOSPI","섬유의복","2705","-90","-3.22","130244632835"
"055490","테이팩스","KOSPI","화학","72000","-2000","-2.70","339670800000"
"078000","텔코웨어","KOSPI","서비스업","11150","-150","-1.33","108185171900"
"214420","토니모리","KOSPI","화학","7160","-170","-2.32","131627442360"
"019180","티에이치엔","KOSPI","전기전자","4290","-320","-6.94","77220000000"
"363280","티와이홀딩스","KOSPI","기타금융","27500","-200","-0.72","1104719412500"
"36328K","티와이홀딩스우","KOSPI","기타금융","23800","-100","-0.42","29877044400"
"091810","티웨이항공","KOSPI","운수창고업","4130","-5","-0.12","455664052270"
"004870","티웨이홀딩스","KOSPI","비금속광물","1280","-20","-1.54","99159910400"
"005690","파미셀","KOSPI","의약품","12600","-300","-2.33","755482770000"
"036580","팜스코","KOSPI","음식료품","6300","-640","-9.22","231386040900"
"004720","팜젠사이언스","KOSPI","의약품","11600","-450","-3.73","170670022800"
"028670","팬오션","KOSPI","운수창고업","6240","-50","-0.79","3335713754880"
"010820","퍼스텍","KOSPI","기계","2165","-45","-2.04","104053060900"
"016800","퍼시스","KOSPI","기타제조업","38300","0","0.00","440450000000"
"001020","페이퍼코리아","KOSPI","종이목재","1835","-20","-1.08","74836542595"
"090080","평화산업","KOSPI","운수장비","2225","-10","-0.45","122157526275"
"010770","평화홀딩스","KOSPI","운수장비","5180","0","0.00","75759913880"
"058430","포스코강판","KOSPI","철강금속","59000","-900","-1.50","354000000000"
"047050","포스코인터내셔널","KOSPI","유통업","21800","-500","-2.24","2689578248200"
"003670","포스코케미칼","KOSPI","비금속광물","149000","-1500","-1.00","11542019780000"
"007630","폴루스바이오팜","KOSPI","유통업","1225","0","0.00","55134426375"
"017810","풀무원","KOSPI","음식료품","17400","-200","-1.14","663297430800"
"103140","풍산","KOSPI","철강금속","33750","-300","-0.88","945819382500"
"005810","풍산홀딩스","KOSPI","기타금융","29400","-600","-2.00","306040123200"
"950210","프레스티지바이오파마","KOSPI","서비스업","25100","-600","-2.33","1508413490500"
"086790","하나금융지주","KOSPI","기타금융","46250","-1100","-2.32","13886195367500"
"293480","하나제약","KOSPI","의약품","20900","50","0.24","371454571400"
"039130","하나투어","KOSPI","서비스업","86500","-500","-0.57","1205739502500"
"172580","하이골드12호","KOSPI","서비스업","2700","0","0.00","35220150000"
"153360","하이골드3호","KOSPI","서비스업","2465","-5","-0.20","39809232350"
"352820","하이브","KOSPI","서비스업","348500","6500","1.90","13609209724500"
"071090","하이스틸","KOSPI","철강금속","3445","25","0.73","68898070800"
"019490","하이트론","KOSPI","전기전자","3775","-65","-1.69","27638073600"
"000080","하이트진로","KOSPI","음식료품","35750","-1150","-3.12","2507276593250"
"000087","하이트진로2우B","KOSPI","음식료품","21050","-250","-1.17","23789404900"
"000140","하이트진로홀딩스","KOSPI","기타금융","15150","-250","-1.62","351582489750"
"000145","하이트진로홀딩스우","KOSPI","기타금융","17850","-150","-0.83","8403958500"
"152550","한국ANKOR유전","KOSPI","기타금융","1595","0","0.00","111681900000"
"036460","한국가스공사","KOSPI","전기가스업","45150","-600","-1.31","4167931950000"
"005430","한국공항","KOSPI","운수창고업","48600","-1600","-3.19","153884853000"
"071050","한국금융지주","KOSPI","기타금융","88000","-1700","-1.90","4903887296000"
"071055","한국금융지주우","KOSPI","기타금융","69100","-1100","-1.57","404805144100"
"010040","한국내화","KOSPI","비금속광물","4100","-30","-0.73","168374954200"
"025540","한국단자","KOSPI","전기전자","76200","-300","-0.39","793623000000"
"004090","한국석유","KOSPI","비금속광물","12900","-100","-0.77","163754148000"
"002200","한국수출포장","KOSPI","종이목재","26200","-100","-0.38","104800000000"
"002960","한국쉘석유","KOSPI","화학","281500","-500","-0.18","365950000000"
"000240","한국앤컴퍼니","KOSPI","기타금융","17300","-50","-0.29","1642379652000"
"123890","한국자산신탁","KOSPI","기타금융","4400","-35","-0.79","545502108800"
"015760","한국전력","KOSPI","전기가스업","22900","-50","-0.22","14700977363300"
"006200","한국전자홀딩스","KOSPI","기타금융","1620","10","0.62","75821080320"
"009540","한국조선해양","KOSPI","운수장비","104500","500","0.48","7395790622000"
"023350","한국종합기술","KOSPI","서비스업","7620","0","0.00","83439000000"
"025890","한국주강","KOSPI","기계","6100","-30","-0.49","68986479900"
"000970","한국주철관","KOSPI","철강금속","9960","-40","-0.40","227092980000"
"104700","한국철강","KOSPI","철강금속","9130","-110","-1.19","420436500000"
"017960","한국카본","KOSPI","기계","13000","200","1.56","571489841000"
"161890","한국콜마","KOSPI","화학","46500","-800","-1.69","1063974870000"
"024720","한국콜마홀딩스","KOSPI","기타금융","23800","-400","-1.65","442125912200"
"161390","한국타이어앤테크놀로지","KOSPI","화학","43450","0","0.00","5382371748050"
"034830","한국토지신탁","KOSPI","기타금융","2350","-30","-1.26","593349690500"
"007280","한국특강","KOSPI","철강금속","2970","-140","-4.50","158130153720"
"168490","한국패러랠","KOSPI","기타금융","2080","5","0.24","166441600000"
"010100","한국프랜지","KOSPI","운수장비","2945","15","0.51","89676486900"
"047810","한국항공우주","KOSPI","운수장비","30900","-500","-1.59","3011980806300"
"123690","한국화장품","KOSPI","유통업","11000","100","0.92","176748000000"
"003350","한국화장품제조","KOSPI","화학","33300","200","0.60","150915600000"
"011500","한농화성","KOSPI","화학","19100","100","0.53","298667502200"
"002390","한독","KOSPI","의약품","24250","-100","-0.41","333765675250"
"014790","한라","KOSPI","건설업","5840","90","1.57","221094229840"
"060980","한라홀딩스","KOSPI","기타금융","51100","200","0.39","535122777000"
"053690","한미글로벌","KOSPI","서비스업","10650","-50","-0.47","116697907500"
"042700","한미반도체","KOSPI","기계","31550","-100","-0.32","1560459119350"
"008930","한미사이언스","KOSPI","기타금융","59300","-500","-0.84","3991163432300"
"128940","한미약품","KOSPI","의약품","273000","-3500","-1.27","3297370986000"
"009240","한샘","KOSPI","유통업","101500","-6500","-6.02","2388693692000"
"020000","한섬","KOSPI","섬유의복","43500","-450","-1.02","1071405000000"
"003680","한성기업","KOSPI","음식료품","6820","20","0.29","42348892300"
"105630","한세실업","KOSPI","섬유의복","24700","150","0.61","988000000000"
"069640","한세엠케이","KOSPI","유통업","5470","-320","-5.53","70613991340"
"016450","한세예스24홀딩스","KOSPI","섬유의복","8320","-20","-0.24","332800000000"
"010420","한솔PNS","KOSPI","유통업","2180","-15","-0.68","44674766160"
"009180","한솔로지스틱스","KOSPI","운수창고업","4770","-55","-1.14","131067317250"
"213500","한솔제지","KOSPI","종이목재","15100","0","0.00","359388697600"
"014680","한솔케미칼","KOSPI","화학","336000","-3000","-0.88","3808625520000"
"004710","한솔테크닉스","KOSPI","전기전자","6780","-90","-1.31","217704972840"
"004150","한솔홀딩스","KOSPI","기타금융","3855","-25","-0.64","161943064335"
"025750","한솔홈데코","KOSPI","종이목재","2000","-40","-1.96","161130298000"
"004960","한신공영","KOSPI","건설업","19700","0","0.00","227942829400"
"011700","한신기계","KOSPI","기계","4675","-125","-2.60","151685755925"
"001750","한양증권","KOSPI","증권","18350","-150","-0.81","233568598900"
"001755","한양증권우","KOSPI","증권","21900","-100","-0.45","11497500000"
"018880","한온시스템","KOSPI","기계","14850","-250","-1.66","7926930000000"
"009420","한올바이오파마","KOSPI","의약품","20900","-100","-0.48","1091829334200"
"014130","한익스프레스","KOSPI","운수창고업","6150","-80","-1.28","73800000000"
"300720","한일시멘트","KOSPI","비금속광물","15500","100","0.65","1073553870000"
"002220","한일철강","KOSPI","철강금속","3450","180","5.50","92106237000"
"006390","한일현대시멘트","KOSPI","비금속광물","31250","-200","-0.64","555454218750"
"003300","한일홀딩스","KOSPI","비금속광물","13400","-50","-0.37","386131452000"
"051600","한전KPS","KOSPI","건설업","43600","150","0.35","1962000000000"
"052690","한전기술","KOSPI","서비스업","74200","-400","-0.54","2835924000000"
"130660","한전산업","KOSPI","서비스업","17950","500","2.87","585170000000"
"002320","한진","KOSPI","운수창고업","34950","-100","-0.29","522419598600"
"097230","한진중공업","KOSPI","건설업","9700","-80","-0.82","807760525700"
"003480","한진중공업홀딩스","KOSPI","전기가스업","4660","35","0.76","137608923920"
"180640","한진칼","KOSPI","운수창고업","57200","-500","-0.87","3817463535600"
"18064K","한진칼우","KOSPI","운수창고업","37400","-150","-0.40","20075048400"
"005110","한창","KOSPI","유통업","1155","-35","-2.94","77142760695"
"009460","한창제지","KOSPI","종이목재","2120","-50","-2.30","126495070320"
"372910","한컴라이프케어","KOSPI","의료정밀","8260","-90","-1.08","228590593560"
"000880","한화","KOSPI","화학","34800","0","0.00","2608563978000"
"00088K","한화3우B","KOSPI","화학","16450","50","0.30","369664400000"
"088350","한화생명","KOSPI","보험","3590","10","0.28","3118022700000"
"000370","한화손해보험","KOSPI","보험","4785","5","0.10","558595708275"
"009830","한화솔루션","KOSPI","화학","42650","-1000","-2.29","8158027897050"
"009835","한화솔루션우","KOSPI","화학","43300","-700","-1.59","48657812100"
"272210","한화시스템","KOSPI","전기전자","16250","-300","-1.81","3069940071250"
"012450","한화에어로스페이스","KOSPI","운수장비","44900","-1500","-3.23","2273287000000"
"000885","한화우","KOSPI","화학","39700","-200","-0.50","19027971800"
"003530","한화투자증권","KOSPI","증권","5850","80","1.39","1255104483750"
"003535","한화투자증권우","KOSPI","증권","15400","-500","-3.14","73920000000"
"195870","해성디에스","KOSPI","전기전자","45100","0","0.00","766700000000"
"101530","해태제과식품","KOSPI","음식료품","8450","0","0.00","246037145900"
"143210","핸즈코퍼레이션","KOSPI","운수장비","5610","-20","-0.36","122652933480"
"000720","현대건설","KOSPI","건설업","50800","-700","-1.36","5656872862000"
"267270","현대건설기계","KOSPI","기계","42550","1250","3.03","838268742150"
"000725","현대건설우","KOSPI","건설업","153000","-5000","-3.16","15124968000"
"005440","현대그린푸드","KOSPI","유통업","9850","-20","-0.20","962389147700"
"086280","현대글로비스","KOSPI","운수창고업","171500","-2500","-1.44","6431250000000"
"042670","현대두산인프라코어","KOSPI","기계","10600","1280","13.73","842958353800"
"064350","현대로템","KOSPI","운수장비","22950","-950","-3.97","2504815624350"
"079430","현대리바트","KOSPI","기타제조업","16050","-250","-1.53","329591276100"
"012330","현대모비스","KOSPI","운수장비","267000","-3500","-1.29","25309756098000"
"010620","현대미포조선","KOSPI","운수장비","76000","3700","5.12","3035603324000"
"069960","현대백화점","KOSPI","유통업","85400","-200","-0.23","1998568461400"
"004560","현대비앤지스틸","KOSPI","철강금속","17200","-300","-1.71","259355549200"
"004565","현대비앤지스틸우","KOSPI","철강금속","80000","-1000","-1.23","8788160000"
"004310","현대약품","KOSPI","의약품","6000","-60","-0.99","192000000000"
"322000","현대에너지솔루션","KOSPI","전기전자","23500","-400","-1.67","263200000000"
"017800","현대엘리베이","KOSPI","기계","48350","-300","-0.62","1973414484850"
"307950","현대오토에버","KOSPI","서비스업","119000","-2500","-2.06","3263453858000"
"011210","현대위아","KOSPI","운수장비","87000","-400","-0.46","2365972221000"
"267260","현대일렉트릭","KOSPI","전기전자","21150","-2600","-10.95","762396905250"
"004020","현대제철","KOSPI","철강금속","45700","-500","-1.08","6098472374500"
"329180","현대중공업","KOSPI","운수장비","113500","5000","4.61","10075748666000"
"267250","현대중공업지주","KOSPI","화학","65100","0","0.00","5142449833500"
"005380","현대차","KOSPI","운수장비","213500","0","0.00","45618157924500"
"005387","현대차2우B","KOSPI","운수장비","99800","-200","-0.20","3641248009800"
"005389","현대차3우B","KOSPI","운수장비","93900","0","0.00","228058216500"
"005385","현대차우","KOSPI","운수장비","99800","500","0.50","2430797163000"
"001500","현대차증권","KOSPI","증권","13050","-50","-0.38","413848934100"
"011760","현대코퍼레이션","KOSPI","유통업","18950","-150","-0.79","250688905700"
"227840","현대코퍼레이션홀딩스","KOSPI","유통업","13450","-50","-0.37","122406244200"
"126560","현대퓨처넷","KOSPI","서비스업","4810","-115","-2.34","542936426760"
"001450","현대해상","KOSPI","보험","28100","0","0.00","2512140000000"
"057050","현대홈쇼핑","KOSPI","유통업","71500","-1000","-1.38","858000000000"
"093240","형지엘리트","KOSPI","섬유의복","3985","-115","-2.80","124151870030"
"003010","혜인","KOSPI","유통업","6110","60","0.99","77674884170"
"111110","호전실업","KOSPI","섬유의복","14200","200","1.43","113600000000"
"008770","호텔신라","KOSPI","유통업","89100","-2200","-2.41","3497007581100"
"008775","호텔신라우","KOSPI","유통업","89700","-1000","-1.10","67443546300"
"002460","화성산업","KOSPI","건설업","13850","0","0.00","172443580000"
"378850","화승알앤에이","KOSPI","운수장비","6240","-260","-4.00","118520207520"
"241590","화승엔터프라이즈","KOSPI","기타제조업","17600","-200","-1.12","1066046168000"
"006060","화승인더","KOSPI","화학","7030","-100","-1.40","388899600000"
"013520","화승코퍼레이션","KOSPI","운수장비","2925","-95","-3.15","146399912100"
"010690","화신","KOSPI","운수장비","9820","-40","-0.41","342918426200"
"133820","화인베스틸","KOSPI","철강금속","3435","-20","-0.58","101504250000"
"010660","화천기계","KOSPI","기계","2700","90","3.45","59400000000"
"000850","화천기공","KOSPI","기계","36400","-150","-0.41","80080000000"
"016580","환인제약","KOSPI","의약품","18300","50","0.27","340381281000"
"032560","황금에스티","KOSPI","철강금속","9280","-20","-0.22","148480000000"
"004800","효성","KOSPI","기타금융","105000","-1500","-1.41","2212457625000"
"094280","효성ITX","KOSPI","서비스업","19450","50","0.26","224806990000"
"298040","효성중공업","KOSPI","전기전자","69900","100","0.14","651785905200"
"298050","효성첨단소재","KOSPI","화학","720000","-23000","-3.10","3225562560000"
"298020","효성티앤씨","KOSPI","화학","606000","-15000","-2.42","2622575292000"
"298000","효성화학","KOSPI","화학","298000","-3500","-1.16","950657548000"
"093370","후성","KOSPI","화학","20050","-250","-1.23","1856766720950"
"081660","휠라홀딩스","KOSPI","유통업","38500","-100","-0.26","2338960547000"
"005870","휴니드","KOSPI","전기전자","7320","-130","-1.74","103329229800"
"079980","휴비스","KOSPI","화학","9970","-30","-0.30","343965000000"
"005010","휴스틸","KOSPI","철강금속","15500","50","0.32","121483032500"
"069260","휴켐스","KOSPI","화학","26150","-450","-1.69","1068975076200"
"000540","흥국화재","KOSPI","보험","3935","-75","-1.87","252794808075"
"000547","흥국화재2우B","KOSPI","보험","28150","-200","-0.71","4323840000"
"000545","흥국화재우","KOSPI","보험","8510","-80","-0.93","6535680000"
"003280","흥아해운","KOSPI","운수창고업","3630","-70","-1.89","872725246140"